datetime,arrivals,hour,day_of_week,is_weekend,temperature_2m,precipitation,relative_humidity_2m,cloud_cover,wind_speed_10m
2026-07-08 10:00:00,8,10,2,0,70.9,0.0,78,0,5.5
2026-07-08 11:00:00,13,11,2,0,73.2,0.0,74,0,5.6
2026-07-08 12:00:00,14,12,2,0,75.4,0.0,70,0,4.2
2026-07-08 13:00:00,11,13,2,0,77.1,0.0,67,0,3.5
2026-07-08 14:00:00,8,14,2,0,80.1,0.0,55,0,4.1
2026-07-08 15:00:00,9,15,2,0,80.1,0.0,55,0,6.1
2026-07-08 16:00:00,11,16,2,0,80.0,0.0,56,0,7.7
2026-07-08 17:00:00,12,17,2,0,79.2,0.0,62,2,8.9
2026-07-08 18:00:00,12,18,2,0,77.8,0.0,69,2,9.5
2026-07-08 19:00:00,3,19,2,0,76.0,0.0,76,4,9.2
2026-07-09 10:00:00,3,10,3,0,76.8,0.004,79,89,13.1
2026-07-09 11:00:00,1,11,3,0,78.4,0.016,73,96,12.5
2026-07-09 12:00:00,0,12,3,0,76.6,0.024,85,81,13.0
2026-07-09 13:00:00,0,13,3,0,77.8,0.012,83,100,14.5
2026-07-10 10:00:00,2,10,4,0,76.0,0.0,80,76,10.8
2026-07-10 11:00:00,5,11,4,0,78.3,0.004,71,94,13.7
2026-07-10 12:00:00,2,12,4,0,79.3,0.0,69,99,11.7
2026-07-10 13:00:00,6,13,4,0,79.4,0.0,67,100,11.0
2026-07-10 14:00:00,2,14,4,0,80.1,0.0,66,98,9.6
2026-07-10 15:00:00,2,15,4,0,77.4,0.012,74,100,10.3
2026-07-10 16:00:00,2,16,4,0,77.2,0.0,80,100,8.8
2026-07-10 17:00:00,8,17,4,0,78.1,0.0,78,100,8.5
2026-07-10 18:00:00,3,18,4,0,78.1,0.0,77,79,8.6
2026-07-10 19:00:00,1,19,4,0,76.6,0.0,84,42,8.7
2026-07-11 10:00:00,3,10,5,1,72.6,0.008,88,66,9.9
2026-07-11 11:00:00,1,11,5,1,74.0,0.004,84,68,10.3
2026-07-11 12:00:00,0,12,5,1,75.1,0.004,78,100,9.3
2026-07-11 13:00:00,4,13,5,1,76.3,0.004,76,33,9.1
2026-07-11 14:00:00,3,14,5,1,75.7,0.067,78,40,11.0
2026-07-11 15:00:00,7,15,5,1,77.2,0.004,75,60,11.2
2026-07-11 16:00:00,4,16,5,1,76.9,0.004,73,48,12.1
2026-07-11 17:00:00,7,17,5,1,76.4,0.004,71,73,11.7
2026-07-11 18:00:00,3,18,5,1,75.4,0.0,73,59,11.2
2026-07-11 19:00:00,0,19,5,1,74.3,0.0,79,93,9.4
2026-07-12 10:00:00,11,10,6,1,73.0,0.0,73,1,2.8
2026-07-12 11:00:00,22,11,6,1,75.4,0.0,67,13,2.3
2026-07-12 12:00:00,20,12,6,1,76.8,0.008,62,41,2.7
2026-07-12 13:00:00,22,13,6,1,77.1,0.004,61,32,2.5
2026-07-12 14:00:00,13,14,6,1,78.4,0.004,57,35,3.1
2026-07-12 15:00:00,11,15,6,1,78.1,0.004,58,27,3.1
2026-07-12 16:00:00,12,16,6,1,77.5,0.0,58,24,4.9
2026-07-12 17:00:00,8,17,6,1,76.9,0.0,60,16,6.5
2026-07-12 18:00:00,3,18,6,1,76.1,0.004,64,13,8.4
2026-07-12 19:00:00,2,19,6,1,74.7,0.0,72,2,9.2
2026-07-13 10:00:00,3,10,0,0,74.3,0.0,64,39,9.7
2026-07-13 11:00:00,2,11,0,0,76.4,0.0,58,31,11.8
2026-07-13 12:00:00,11,12,0,0,77.5,0.0,56,7,13.0
2026-07-13 13:00:00,6,13,0,0,78.5,0.0,54,18,14.1
2026-07-13 14:00:00,5,14,0,0,78.9,0.004,54,30,13.3
2026-07-13 15:00:00,7,15,0,0,79.2,0.004,54,22,14.5
2026-07-13 16:00:00,10,16,0,0,79.4,0.0,55,5,14.4
2026-07-13 17:00:00,7,17,0,0,79.1,0.0,57,8,13.8
2026-07-13 18:00:00,7,18,0,0,78.2,0.0,61,13,13.6
2026-07-13 19:00:00,1,19,0,0,76.2,0.0,67,5,13.0
2026-07-14 10:00:00,5,10,1,0,78.1,0.0,69,38,11.4
2026-07-14 11:00:00,10,11,1,0,81.0,0.0,63,11,11.9
2026-07-14 12:00:00,13,12,1,0,83.4,0.0,61,48,12.7
2026-07-14 13:00:00,8,13,1,0,85.6,0.0,57,92,14.0
2026-07-14 14:00:00,6,14,1,0,85.4,0.0,58,89,14.8
2026-07-14 15:00:00,6,15,1,0,86.0,0.0,56,43,17.8
2026-07-14 16:00:00,14,16,1,0,86.2,0.0,55,42,19.4
2026-07-14 17:00:00,16,17,1,0,85.8,0.0,57,16,20.3
2026-07-14 18:00:00,8,18,1,0,84.4,0.0,62,0,19.3
2026-07-14 19:00:00,3,19,1,0,82.6,0.0,67,10,19.1
2026-07-15 10:00:00,11,10,2,0,83.7,0.0,66,8,17.1
2026-07-15 11:00:00,11,11,2,0,86.3,0.0,58,54,19.1
2026-07-15 12:00:00,10,12,2,0,88.3,0.0,53,62,18.2
2026-07-15 13:00:00,7,13,2,0,90.1,0.0,48,55,18.4
2026-07-15 14:00:00,8,14,2,0,90.1,0.0,49,27,20.3
2026-07-15 15:00:00,5,15,2,0,90.2,0.004,47,58,21.4
2026-07-15 16:00:00,7,16,2,0,88.5,0.004,52,95,20.4
2026-07-15 17:00:00,9,17,2,0,83.5,0.012,63,96,18.2
2026-07-15 18:00:00,5,18,2,0,82.0,0.004,66,34,15.8
2026-07-15 19:00:00,2,19,2,0,79.3,0.0,69,7,12.6
2026-07-19 10:00:00,5,10,6,1,68.4,0.0,70,5,19.2
2026-07-19 11:00:00,18,11,6,1,70.0,0.0,64,4,19.2
2026-07-19 12:00:00,5,12,6,1,71.3,0.0,59,12,20.4
2026-07-19 13:00:00,8,13,6,1,72.2,0.0,56,1,19.5
2026-07-19 14:00:00,7,14,6,1,74.2,0.0,50,1,19.1
2026-07-19 15:00:00,9,15,6,1,74.8,0.0,48,5,17.9
2026-07-19 16:00:00,6,16,6,1,74.8,0.0,47,1,15.9
2026-07-20 10:00:00,3,10,0,0,69.3,0.0,53,0,5.8
2026-07-20 11:00:00,4,11,0,0,71.3,0.0,46,6,6.0
2026-07-20 12:00:00,9,12,0,0,73.0,0.0,43,55,6.4
2026-07-20 13:00:00,12,13,0,0,74.7,0.0,40,0,5.8
2026-07-20 14:00:00,10,14,0,0,76.3,0.0,39,0,5.4
2026-07-20 15:00:00,7,15,0,0,76.6,0.0,40,3,7.1
2026-07-20 16:00:00,6,16,0,0,77.0,0.0,41,52,8.9
2026-07-20 17:00:00,17,17,0,0,76.4,0.0,43,5,11.1
2026-07-20 18:00:00,7,18,0,0,75.1,0.0,47,7,10.5
2026-07-20 19:00:00,1,19,0,0,73.1,0.0,59,2,7.7
2026-07-22 10:00:00,1,10,2,0,74.9,0.0,78,18,17.1
2026-07-22 11:00:00,3,11,2,0,76.1,0.004,65,41,19.4
2026-07-22 12:00:00,4,12,2,0,75.0,0.016,72,35,15.4
2026-07-22 13:00:00,6,13,2,0,77.4,0.004,69,21,14.8
2026-07-22 14:00:00,8,14,2,0,78.9,0.004,56,18,17.5
2026-07-22 15:00:00,3,15,2,0,80.4,0.0,49,13,18.0
2026-07-22 16:00:00,7,16,2,0,80.0,0.0,50,38,19.9
2026-07-22 17:00:00,12,17,2,0,77.9,0.0,58,12,17.3
2026-07-22 18:00:00,2,18,2,0,76.5,0.0,58,8,16.3
2026-07-22 19:00:00,1,19,2,0,73.7,0.0,61,2,12.5
2026-07-23 10:00:00,2,10,3,0,67.2,0.0,54,0,6.6
2026-07-23 11:00:00,9,11,3,0,69.2,0.0,51,0,5.9
2026-07-23 12:00:00,3,12,3,0,71.2,0.0,48,0,4.9
2026-07-23 13:00:00,14,13,3,0,72.7,0.0,46,0,4.6
2026-07-23 14:00:00,6,14,3,0,74.1,0.0,46,0,4.5
2026-07-23 15:00:00,6,15,3,0,74.4,0.0,47,3,5.2
2026-07-23 16:00:00,7,16,3,0,74.8,0.0,45,0,5.5
2026-07-23 17:00:00,5,17,3,0,74.7,0.0,44,0,6.5
2026-07-23 18:00:00,2,18,3,0,73.9,0.0,48,0,6.6
2026-07-23 19:00:00,1,19,3,0,72.1,0.0,61,0,5.9
2026-07-24 10:00:00,5,10,4,0,71.3,0.0,60,0,3.4
2026-07-24 11:00:00,8,11,4,0,73.8,0.0,51,0,2.0
2026-07-24 12:00:00,6,12,4,0,75.4,0.0,47,36,4.4
2026-07-24 13:00:00,15,13,4,0,76.4,0.0,46,69,6.3
2026-07-24 14:00:00,7,14,4,0,76.8,0.0,46,91,8.6
2026-07-24 15:00:00,5,15,4,0,77.0,0.0,44,9,8.2
2026-07-24 16:00:00,5,16,4,0,77.3,0.0,41,4,8.1
2026-07-24 17:00:00,13,17,4,0,77.2,0.0,40,22,7.4
2026-07-24 18:00:00,6,18,4,0,76.8,0.0,44,95,6.1
2026-07-24 19:00:00,0,19,4,0,74.1,0.0,55,100,8.8
2026-07-25 10:00:00,11,10,5,1,71.1,0.0,53,0,7.6
2026-07-25 11:00:00,14,11,5,1,72.8,0.0,48,0,10.6
2026-07-25 12:00:00,9,12,5,1,74.2,0.0,45,0,11.6
2026-07-25 13:00:00,14,13,5,1,75.5,0.0,44,0,10.9
2026-07-25 14:00:00,12,14,5,1,76.5,0.0,45,0,10.6
2026-07-25 15:00:00,13,15,5,1,76.9,0.0,46,5,10.0
2026-07-25 16:00:00,11,16,5,1,77.1,0.0,47,34,9.4
2026-07-25 17:00:00,2,17,5,1,76.4,0.0,49,29,10.1
2026-07-25 18:00:00,4,18,5,1,74.7,0.0,51,19,11.1
2026-07-25 19:00:00,0,19,5,1,71.7,0.0,56,2,11.4
2026-07-26 10:00:00,10,10,6,1,71.7,0.0,55,4,6.3
2026-07-26 11:00:00,14,11,6,1,74.3,0.0,52,4,4.9
2026-07-26 12:00:00,14,12,6,1,76.3,0.0,49,2,2.9
2026-07-26 13:00:00,14,13,6,1,77.7,0.0,47,2,2.9
2026-07-26 14:00:00,9,14,6,1,79.2,0.0,44,39,2.1
2026-07-26 15:00:00,14,15,6,1,79.0,0.0,47,49,2.3
2026-07-26 16:00:00,7,16,6,1,79.3,0.0,46,73,3.2
2026-07-26 17:00:00,7,17,6,1,78.6,0.0,49,41,5.9
2026-07-26 18:00:00,4,18,6,1,77.9,0.0,53,22,7.7
2026-07-26 19:00:00,0,19,6,1,75.3,0.008,62,56,9.6
2026-07-29 10:00:00,0,10,2,0,68.1,0.016,91,50,17.4
2026-07-29 11:00:00,0,11,2,0,71.0,0.004,80,41,19.7
2026-07-29 12:00:00,0,12,2,0,73.4,0.012,73,48,17.5
2026-07-29 13:00:00,0,13,2,0,75.4,0.012,74,20,14.0
2026-07-29 14:00:00,1,14,2,0,77.3,0.0,61,32,14.0
2026-07-29 15:00:00,0,15,2,0,70.8,0.043,82,61,16.0
2026-07-29 16:00:00,0,16,2,0,73.5,0.012,80,22,10.4
2026-07-29 17:00:00,2,17,2,0,68.2,0.102,90,99,18.7
2026-07-29 18:00:00,2,18,2,0,67.0,0.079,99,97,8.8
2026-07-29 19:00:00,0,19,2,0,68.3,0.008,97,88,13.6
2026-08-01 11:00:00,20,11,5,1,79.0,0.0,61,81,5.0
2026-08-01 12:00:00,10,12,5,1,79.4,0.0,57,27,8.8
2026-08-01 13:00:00,6,13,5,1,80.5,0.0,54,25,9.2
2026-08-01 14:00:00,9,14,5,1,82.6,0.004,48,87,9.0
2026-08-01 15:00:00,6,15,5,1,83.4,0.0,46,70,10.9
2026-08-01 16:00:00,8,16,5,1,83.1,0.0,45,100,11.3
2026-08-01 17:00:00,9,17,5,1,79.3,0.0,58,95,13.2
2026-08-01 18:00:00,2,18,5,1,77.5,0.004,67,93,8.1
2026-08-02 11:00:00,1,11,6,1,77.8,0.004,69,90,17.8
2026-08-02 12:00:00,0,12,6,1,79.3,0.008,60,98,20.0
2026-08-02 13:00:00,4,13,6,1,77.9,0.008,64,78,18.9
2026-08-02 14:00:00,5,14,6,1,79.8,0.012,62,100,19.4
2026-08-02 15:00:00,2,15,6,1,78.4,0.008,64,88,16.6
2026-08-02 16:00:00,3,16,6,1,81.2,0.0,54,100,19.6
2026-08-04 11:00:00,12,11,1,0,75.8,0.0,56,41,3.2
2026-08-04 12:00:00,5,12,1,0,77.4,0.0,54,94,3.6
2026-08-04 13:00:00,10,13,1,0,78.4,0.0,53,93,4.9
2026-08-04 14:00:00,5,14,1,0,80.0,0.0,49,77,6.1
2026-08-04 15:00:00,6,15,1,0,79.7,0.0,51,72,6.5
2026-08-04 16:00:00,16,16,1,0,79.7,0.0,52,47,6.0
2026-08-04 17:00:00,12,17,1,0,79.2,0.0,53,24,6.9
2026-08-04 18:00:00,4,18,1,0,77.9,0.0,61,23,8.1
2026-08-05 11:00:00,0,11,2,0,74.1,0.02,68,100,7.2
2026-08-05 12:00:00,0,12,2,0,72.8,0.008,71,96,3.0
2026-08-05 13:00:00,1,13,2,0,73.0,0.051,79,87,6.7
2026-08-05 14:00:00,0,14,2,0,79.1,0.0,63,38,6.1
2026-08-05 15:00:00,1,15,2,0,80.2,0.0,65,100,7.8
2026-08-05 16:00:00,3,16,2,0,76.1,0.043,83,96,9.6
2026-08-06 11:00:00,2,11,3,0,78.3,0.008,89,98,9.9
2026-08-06 12:00:00,0,12,3,0,80.2,0.008,83,89,10.7
2026-08-06 13:00:00,3,13,3,0,82.0,0.004,77,100,12.9
2026-08-06 14:00:00,2,14,3,0,84.7,0.004,61,54,14.0
2026-08-06 15:00:00,6,15,3,0,83.3,0.024,71,16,13.9
2026-08-06 16:00:00,6,16,3,0,84.3,0.0,68,10,11.8
2026-08-06 17:00:00,6,17,3,0,83.9,0.0,67,19,12.9
2026-08-06 18:00:00,5,18,3,0,82.9,0.0,70,14,11.6
2026-08-07 11:00:00,9,11,4,0,83.5,0.0,65,23,2.9
2026-08-07 12:00:00,13,12,4,0,85.2,0.0,60,23,6.3
2026-08-07 13:00:00,6,13,4,0,86.2,0.004,60,19,7.5
2026-08-07 14:00:00,8,14,4,0,85.3,0.004,52,24,8.6
2026-08-07 15:00:00,7,15,4,0,84.6,0.008,57,34,10.5
2026-08-07 16:00:00,3,16,4,0,82.1,0.024,66,92,14.0
2026-08-07 17:00:00,0,17,4,0,75.4,0.059,91,100,11.2
2026-08-08 11:00:00,13,11,5,1,79.7,0.004,72,9,11.1
2026-08-08 12:00:00,13,12,5,1,81.6,0.004,67,23,13.2
2026-08-08 13:00:00,18,13,5,1,82.9,0.004,66,70,15.8
2026-08-08 14:00:00,6,14,5,1,74.7,0.043,93,67,12.4
2026-08-08 15:00:00,4,15,5,1,78.4,0.008,86,100,10.0
2026-08-08 16:00:00,4,16,5,1,71.9,0.126,99,91,12.8
2026-08-08 17:00:00,6,17,5,1,75.1,0.0,92,78,11.3
2026-08-08 18:00:00,0,18,5,1,75.8,0.0,88,91,14.4
2026-08-09 11:00:00,22,11,6,1,81.2,0.0,65,15,11.8
2026-08-09 12:00:00,5,12,6,1,82.9,0.0,57,21,12.1
2026-08-09 13:00:00,16,13,6,1,84.0,0.0,51,8,12.2
2026-08-09 14:00:00,20,14,6,1,84.1,0.0,52,5,11.7
2026-08-09 15:00:00,9,15,6,1,84.5,0.0,49,3,12.0
2026-08-09 16:00:00,14,16,6,1,84.4,0.0,49,3,12.2
2026-08-09 17:00:00,10,17,6,1,83.8,0.0,50,2,12.4
2026-08-09 18:00:00,0,18,6,1,82.5,0.0,54,0,11.1
2026-08-10 11:00:00,5,11,0,0,80.1,0.0,57,93,10.6
2026-08-10 12:00:00,2,12,0,0,79.3,0.0,60,23,9.9
2026-08-10 13:00:00,4,13,0,0,82.6,0.0,54,19,11.1
2026-08-10 14:00:00,6,14,0,0,81.9,0.0,56,28,11.7
2026-08-10 15:00:00,1,15,0,0,82.7,0.008,57,93,15.4
2026-08-10 16:00:00,2,16,0,0,72.5,0.154,93,100,16.8
2026-08-10 17:00:00,0,17,0,0,72.2,0.055,97,97,7.5
2026-08-10 18:00:00,0,18,0,0,73.8,0.004,96,96,8.9
2026-08-11 11:00:00,6,11,1,0,77.6,0.0,76,79,12.5
2026-08-11 12:00:00,1,12,1,0,80.1,0.0,68,77,10.8
2026-08-11 13:00:00,1,13,1,0,82.0,0.0,62,90,9.7
2026-08-11 14:00:00,7,14,1,0,81.9,0.0,59,98,9.1
2026-08-11 15:00:00,2,15,1,0,81.5,0.004,61,99,8.6
2026-08-11 16:00:00,2,16,1,0,81.5,0.0,62,99,7.2
2026-08-11 17:00:00,0,17,1,0,77.3,0.031,73,98,9.5
2026-08-11 18:00:00,0,18,1,0,71.6,0.024,88,100,9.1
2026-08-12 11:00:00,15,11,2,0,76.8,0.0,52,1,13.5
2026-08-12 12:00:00,13,12,2,0,78.9,0.0,49,1,12.3
2026-08-12 13:00:00,5,13,2,0,80.7,0.0,46,5,9.4
2026-08-12 14:00:00,6,14,2,0,80.5,0.0,47,43,6.4
2026-08-12 15:00:00,4,15,2,0,81.1,0.0,48,18,7.9
2026-08-12 16:00:00,6,16,2,0,81.1,0.0,50,41,7.2
2026-08-12 17:00:00,12,17,2,0,80.0,0.016,54,45,9.0
2026-08-12 18:00:00,3,18,2,0,78.3,0.02,64,69,8.9
2026-08-15 11:00:00,18,11,5,1,74.6,0.0,55,0,3.8
2026-08-15 12:00:00,15,12,5,1,76.8,0.0,48,0,3.5
2026-08-15 13:00:00,9,13,5,1,78.6,0.0,41,0,6.3
2026-08-15 14:00:00,6,14,5,1,80.1,0.0,40,42,11.1
2026-08-15 15:00:00,11,15,5,1,79.0,0.0,41,29,11.5
2026-08-15 16:00:00,7,16,5,1,78.9,0.0,39,30,11.4
2026-08-15 17:00:00,7,17,5,1,79.4,0.0,38,39,10.9
2026-08-15 18:00:00,1,18,5,1,79.2,0.0,38,13,14.2
2026-08-16 11:00:00,3,11,6,1,76.6,0.0,59,100,14.8
2026-08-16 12:00:00,1,12,6,1,76.7,0.0,58,100,17.2
2026-08-16 13:00:00,1,13,6,1,75.7,0.0,60,100,15.9
2026-08-16 14:00:00,0,14,6,1,74.0,0.0,65,100,16.2
2026-08-16 15:00:00,0,15,6,1,70.2,0.051,84,100,12.6
2026-08-16 16:00:00,0,16,6,1,70.1,0.035,89,100,15.2
2026-08-16 17:00:00,0,17,6,1,69.4,0.012,89,100,15.8
2026-08-16 18:00:00,0,18,6,1,68.5,0.008,89,100,16.1
