date,time_in
2026-07-10,10:12
2026-07-10,10:13
2026-07-10,11:24
2026-07-10,11:47
2026-07-10,13:13
2026-07-10,13:38
2026-07-10,13:47
2026-07-10,15:02
2026-07-10,15:14
2026-07-10,15:17
2026-07-10,16:01
2026-07-10,16:10
2026-07-10,16:15
2026-07-10,16:21
2026-07-10,16:44
2026-07-10,17:00
2026-07-10,18:05
2026-07-10,18:21
2026-07-11,11:18
2026-07-11,11:42
2026-07-11,11:54
2026-07-11,12:22
2026-07-11,13:02
2026-07-11,13:06
2026-07-11,13:17
2026-07-11,13:18
2026-07-11,14:16
2026-07-11,14:29
2026-07-11,15:07
2026-07-11,15:17
2026-07-11,15:45
2026-07-11,16:10
2026-07-11,16:14
2026-07-11,16:23
2026-07-11,16:34
2026-07-11,16:38
2026-07-11,16:43
2026-07-11,16:53
2026-07-11,17:03
2026-07-11,17:25
2026-07-11,17:39
2026-07-11,17:46
2026-07-11,18:23
2026-07-11,19:24
2026-07-11,19:40
2026-07-11,19:54
2026-07-13,12:13
2026-07-13,12:15
2026-07-13,12:31
2026-07-13,12:37
2026-07-13,13:14
2026-07-13,13:37
2026-07-13,13:58
2026-07-13,14:09
2026-07-13,15:08
2026-07-13,15:20
2026-07-13,15:34
2026-07-13,15:36
2026-07-15,11:40
2026-07-15,12:43
2026-07-15,13:10
2026-07-15,13:35
2026-07-15,14:04
2026-07-15,14:38
2026-07-15,15:05
2026-07-15,15:46
2026-07-15,16:07
2026-07-15,16:07
2026-07-15,16:34
2026-07-15,16:49
2026-07-15,16:55
2026-07-15,17:00
2026-07-15,19:33
